date,service,region,account,amount,usageQuantity
2026-07-01,EC2,us-east-1,default,1240,150
2026-07-01,RDS,us-west-2,default,890,45
2026-07-01,S3,us-east-1,default,320,2100
2026-07-01,Lambda,eu-west-1,default,180,8500
2026-07-02,EC2,us-east-1,default,1260,152
2026-07-02,RDS,us-west-2,default,880,44
2026-07-02,S3,us-east-1,default,310,2050
2026-07-02,Lambda,eu-west-1,default,175,8200
2026-07-03,EC2,us-east-1,default,1220,148
2026-07-03,RDS,us-west-2,default,900,46
2026-07-03,S3,us-east-1,default,330,2150
2026-07-03,Lambda,eu-west-1,default,190,8800
2026-07-04,EC2,us-east-1,default,1180,145
2026-07-04,RDS,us-west-2,default,870,43
2026-07-04,S3,us-east-1,default,315,2080
2026-07-04,Lambda,eu-west-1,default,185,8600
2026-07-05,EC2,us-east-1,default,1250,151
2026-07-05,RDS,us-west-2,default,910,47
2026-07-05,S3,us-east-1,default,325,2120
2026-07-05,Lambda,eu-west-1,default,170,8100
2026-07-06,EC2,us-east-1,default,1200,147
2026-07-06,RDS,us-west-2,default,885,44
2026-07-06,S3,us-east-1,default,340,2200
2026-07-06,Lambda,eu-west-1,default,195,9000
2026-07-07,EC2,us-east-1,default,1230,149
2026-07-07,RDS,us-west-2,default,895,45
2026-07-07,S3,us-east-1,default,305,2020
2026-07-07,Lambda,eu-west-1,default,165,7900
2026-07-08,EC2,us-east-1,default,1270,153
2026-07-08,RDS,us-west-2,default,860,42
2026-07-08,S3,us-east-1,default,335,2180
2026-07-08,Lambda,eu-west-1,default,188,8700
2026-07-09,EC2,us-east-1,default,1210,146
2026-07-09,RDS,us-west-2,default,905,46
2026-07-09,S3,us-east-1,default,328,2140
2026-07-09,Lambda,eu-west-1,default,178,8300
2026-07-10,EC2,us-east-1,default,1245,150
2026-07-10,RDS,us-west-2,default,888,44
2026-07-10,S3,us-east-1,default,318,2090
2026-07-10,Lambda,eu-west-1,default,182,8400
2026-07-11,EC2,us-east-1,default,1255,151
2026-07-11,RDS,us-west-2,default,892,45
2026-07-11,S3,us-east-1,default,322,2110
2026-07-11,Lambda,eu-west-1,default,176,8250
2026-07-12,EC2,us-east-1,default,1235,149
2026-07-12,RDS,us-west-2,default,878,43
2026-07-12,S3,us-east-1,default,312,2060
2026-07-12,Lambda,eu-west-1,default,192,8900
2026-07-13,EC2,us-east-1,default,1215,147
2026-07-13,RDS,us-west-2,default,898,45
2026-07-13,S3,us-east-1,default,332,2170
2026-07-13,Lambda,eu-west-1,default,168,8000
2026-07-14,EC2,us-east-1,default,4580,550
2026-07-14,RDS,us-west-2,default,1682,85
2026-07-14,S3,us-east-1,default,464,3100
2026-07-14,Lambda,eu-west-1,default,520,24500
2026-07-15,EC2,us-east-1,default,4800,580
2026-07-15,RDS,us-west-2,default,1720,87
2026-07-15,S3,us-east-1,default,480,3200
2026-07-15,Lambda,eu-west-1,default,540,25000
